﻿;;;;;;;;;;;;;;;;;;S;S;S;S;S;S;S;S;S;S;S;S;S;S;S;S;S;S;S;S;S;S;S;S;S;S;S;S;S;S;S;S;S;S;S;S;S;S;S;S;S;S;S;S;S;S;S;S;S;S;S;S;S;S;S
;date;dataset;dataset;dataset;;dataset;date;date;;;;;;percentage;percentage;percentage;percentage;dataset;currency;currency;percentage;currency;currency;percentage;currency;number;currency;currency;dataset;currency;currency;percentage;currency;currency;percentage;currency;number;currency;currency;;currency;number;percentage;currency;currency;;currency;number;percentage;currency;currency;dataset;currency;number;currency;;currency;percentage;number;currency;currency;;;date;date;percentage;currency;;;number;percentage;currency
;fullDate;Usuarios|colleagueId|solicitante|solicitanteNome=colleagueName;Clientes|codigo|cliente|clienteNome=razaoSocial;Executivos|codigo|executivo|executivoNome=nome;;TiposAcao|tipoAcaoCodigo|tipoAcao|tipoAcaoDescricao=displaykey;fullDate;fullDate;;;;;;2;2;2;2;Itens|codigo|itemSellout_item|itemSellout_itemDescricao=descricao,itemSellout_categoria=categoria,itemSellout_ccusto=ccusto;R$;R$;2;R$;R$;2;R$;2;R$;R$;Itens|codigo|itemSellinIt_item|itemSellinIt_itemDescricao=descricao,itemSellinIt_categoria=categoria,itemSellinIt_ccusto=ccusto;R$;R$;2;R$;R$;2;R$;2;R$;R$;;R$;2;2;R$;R$;;R$;2;2;R$;R$;Itens|codigo|itemSpiffIt_item|itemSpiffIt_itemDescricao=descricao,itemSpiffIt_categoria=categoria,itemSpiffIt_ccusto=ccusto;R$;2;R$;;R$;2;2;R$;R$;;;fullDate;fullDate;2;R$;;;2;2;R$
numControle;dataAbertura;solicitanteCodigo;clienteCodigo;executivoCodigo;nomeAcao;tipoAcaoCodigo;inicioAcao;terminoAcao;tipoQuantidade;tipoSellin;tipoSpiff;tipoVpc;descricaoDetalhada;rateio_perc___1;rateio_perc___2;rateio_perc___3;rateio_perc___4;itemSellout_itemCodigo;itemSellout_srpInicial;itemSellout_netInicial;itemSellout_gpInicial;itemSellout_srpSugerido;itemSellout_netSugerido;itemSellout_gpSugerido;itemSellout_rebateUnit;itemSellout_qtde;itemSellout_rebateTotal;itemSellout_dolar;itemSellinIt_itemCodigo;itemSellinIt_srpInicial;itemSellinIt_netInicial;itemSellinIt_gpInicial;itemSellinIt_srpSugerido;itemSellinIt_netSugerido;itemSellinIt_gpSugerido;itemSellinIt_rebateUnit;itemSellinIt_qtde;itemSellinIt_rebateTotal;itemSellinIt_dolar;itemSellinTg_descricao;itemSellinTg_target;itemSellinTg_qtde;itemSellinTg_perc;itemSellinTg_vlTarget;itemSellinTg_vlTotal;itemSellinTgAc_descricao;itemSellinTgAc_target;itemSellinTgAc_qtde;itemSellinTgAc_perc;itemSellinTgAc_vlTarget;itemSellinTgAc_vlTotal;itemSpiffIt_itemCodigo;itemSpiffIt_spiffUnit;itemSpiffIt_qtde;itemSpiffIt_vlTotal;itemSpiffTg_foco;itemSpiffTg_target;itemSpiffTg_perc;itemSpiffTg_qtde;itemSpiffTg_vlUnit;itemSpiffTg_vlTotal;itemVpcEvt_nomeEvento;itemVpcEvt_finalidade;itemVpcEvt_inicio;itemVpcEvt_termino;itemVpcEvt_perc;itemVpcEvt_vlTotal;itemVpcOutros_tipo;itemVpcOutros_finalidade;itemVpcOutros_qtde;itemVpcOutros_perc;itemVpcOutros_vlTotal
2020.560;05/03/2020;rugeda;453;;COMUNICAÇÃO FACEBOOK E EMAIL MKT GOLDEN - ELL;vpc;05/03/2020;31/03/2020;estimada;;;outros;"ELL - VPC - AÇÃOPARA COMUNICAÇÃO DOS PRODUTOS ELL NO FACEBOOK + EMAIL MARKETING; NECESSÁRIO APRESENTAÇÃO DE EVIDÊNCIAS JUNTO COM ND PARA PAGAMENTO; MÍNIMO DE 18 DISPAROS NO FACEBOOK + 1 EMAIL MARKETING ATÉ O FIM DO MÊS";1;;;;;;;;;;;;;;;;;;;;;;;;;;;;;;;;;;;;;;;;;;;;;;;;;;;;;;COMUNICAÇÃO REDE SOCIAL;DIVULGAÇÃO DA MARCA;0;1;150
2020.560;05/03/2020;rugeda;453;;COMUNICAÇÃO FACEBOOK E EMAIL MKT GOLDEN - ELL;vpc;05/03/2020;31/03/2020;estimada;;;outros;"ELL - VPC - AÇÃOPARA COMUNICAÇÃO DOS PRODUTOS ELL NO FACEBOOK + EMAIL MARKETING; NECESSÁRIO APRESENTAÇÃO DE EVIDÊNCIAS JUNTO COM ND PARA PAGAMENTO; MÍNIMO DE 18 DISPAROS NO FACEBOOK + 1 EMAIL MARKETING ATÉ O FIM DO MÊS";1;;;;;;;;;;;;;;;;;;;;;;;;;;;;;;;;;;;;;;;;;;;;;;;;;;;;;;COMUNICAÇÃO REDE SOCIAL;DIVULGAÇÃO DA MARCA;0;1;150
2020.610;01/04/2020;rugeda;4426;;VPC - ESPECILISTA/CHAMPIO - 1Q 2020;vpc;01/04/2020;30/06/2020;estimada;;;outros;VPC - CONTRATAÇÃO DE ESPECILISTA/CHANPION - DESCIÇÃO/METRICA VER APRESENTAÇÃO;0.25;0.25;0.25;0.25;;;;;;;;;;;;;;;;;;;;;;;;;;;;;;;;;;;;;;;;;;;;;;;;;;;CHAMPION;ESPECIALISTA DE PRODUTOS;0;1;15000